"Date","Price","Open","High","Low","Vol.","Change %"
"07/26/2019","31.69","29.91","31.69","29.91","49.01M","8.71%"
"07/25/2019","29.15","28.69","29.43","28.60","20.28M","2.64%"
"07/24/2019","28.40","28.74","28.75","27.97","9.10M","-1.01%"
"07/23/2019","28.69","28.82","28.86","28.43","8.99M","0.03%"
"07/22/2019","28.68","28.89","28.98","28.68","6.21M","-0.31%"
"07/19/2019","28.77","29.28","29.29","28.59","7.72M","-1.44%"
"07/18/2019","29.19","28.15","29.23","28.12","23.44M","4.51%"
"07/17/2019","27.93","27.84","28.17","27.82","4.97M","0.07%"
"07/16/2019","27.91","28.13","28.30","27.83","4.11M","-0.96%"
"07/15/2019","28.18","28.02","28.32","27.98","8.36M","0.57%"
"07/12/2019","28.02","27.70","28.07","27.63","6.48M","1.08%"
"07/11/2019","27.72","27.95","27.96","27.60","6.63M","-0.43%"
"07/10/2019","27.84","27.96","28.17","27.67","5.36M","-0.14%"
"07/09/2019","27.88","27.68","27.88","27.41","10.46M","0.29%"
"07/08/2019","27.80","28.00","28.16","27.78","3.83M","-1.35%"
"07/05/2019","28.18","27.83","28.19","27.52","3.27M","0.82%"
"07/03/2019","27.95","27.86","28.12","27.84","2.13M","0.22%"
"07/02/2019","27.89","27.43","27.90","27.39","5.69M","1.49%"
"07/01/2019","27.48","27.37","27.55","27.18","7.93M","1.51%"
"06/28/2019","27.07","27.10","27.24","26.92","8.40M","0.00%"
"06/27/2019","27.07","26.88","27.17","26.82","3.77M","0.89%"
"06/26/2019","26.83","27.08","27.45","26.83","2.05M","-0.30%"
"06/25/2019","26.91","27.00","27.12","26.71","4.88M","-0.33%"
"06/24/2019","27.00","27.30","27.44","26.99","2.81M","-1.21%"
"06/21/2019","27.33","27.32","27.46","27.12","5.47M","0.04%"
"06/20/2019","27.32","26.95","27.35","26.88","5.97M","2.13%"
"06/19/2019","26.75","26.76","26.80","26.36","6.12M","0.83%"
"06/18/2019","26.53","26.59","26.83","26.35","5.20M","0.04%"
"06/17/2019","26.52","26.50","26.69","26.21","8.43M","-0.19%"
"06/14/2019","26.57","26.19","26.61","26.19","2.39M","0.87%"
"06/13/2019","26.34","26.86","26.86","26.24","4.52M","-1.27%"
"06/12/2019","26.68","26.71","26.84","26.44","7.58M","0.08%"
"06/11/2019","26.66","27.09","27.14","26.16","4.21M","-0.89%"
"06/10/2019","26.90","26.69","27.07","26.58","4.00M","1.01%"
"06/07/2019","26.63","26.75","26.95","26.59","9.49M","0.30%"
"06/06/2019","26.55","26.26","26.59","26.17","8.15M","0.91%"
"06/05/2019","26.31","25.96","26.33","25.87","3.89M","2.81%"
"06/04/2019","25.59","24.88","25.63","24.85","6.70M","3.94%"
"06/03/2019","24.62","25.45","25.63","24.44","7.26M","-3.15%"
"05/31/2019","25.42","25.64","25.75","25.33","4.25M","-1.66%"
"05/30/2019","25.85","25.84","26.09","25.74","2.78M","0.19%"
"05/29/2019","25.80","25.61","25.81","25.50","3.05M","0.00%"
"05/28/2019","25.80","25.80","26.08","25.71","5.46M","0.12%"
"05/24/2019","25.77","26.13","26.22","25.72","6.37M","-0.39%"
"05/23/2019","25.87","26.35","26.42","25.65","4.00M","-2.89%"
"05/22/2019","26.64","26.24","26.68","26.22","4.93M","1.29%"
"05/21/2019","26.30","26.05","26.46","26.01","4.91M","1.62%"
"05/20/2019","25.88","25.72","26.10","25.72","6.28M","-0.42%"
"05/17/2019","25.99","25.82","26.05","25.82","4.19M","-0.35%"
"05/16/2019","26.08","25.56","26.11","25.54","3.72M","2.52%"
"05/15/2019","25.44","24.93","25.56","24.91","5.83M","1.27%"
"05/14/2019","25.12","24.82","25.40","24.80","3.38M","1.45%"
"05/13/2019","24.76","24.76","25.04","24.75","7.62M","-2.25%"
"05/10/2019","25.33","25.03","25.33","24.70","5.76M","0.68%"
"05/09/2019","25.16","24.00","25.26","23.91","30.44M","-1.02%"
"05/08/2019","25.42","25.46","25.57","25.27","3.17M","-0.20%"
"05/07/2019","25.47","25.81","25.98","25.32","4.87M","-2.41%"
"05/06/2019","26.10","25.19","26.22","25.19","5.14M","1.28%"
"05/03/2019","25.77","25.50","25.87","25.38","5.88M","1.42%"
"05/02/2019","25.41","25.54","25.68","25.16","4.81M","-0.59%"
"05/01/2019","25.56","25.94","26.13","25.24","17.70M","-1.16%"
"04/30/2019","25.86","25.50","26.57","25.15","12.76M","2.46%"
"04/29/2019","25.24","25.31","25.31","24.99","19.21M","0.12%"
"04/26/2019","25.21","25.63","25.69","25.16","9.72M","-1.52%"
"04/25/2019","25.60","25.63","25.65","25.38","8.13M","-0.16%"
"04/24/2019","25.64","25.75","25.79","25.39","4.28M","-0.47%"
"04/23/2019","25.76","25.42","25.87","25.26","7.07M","1.54%"
"04/22/2019","25.37","25.01","25.43","24.97","10.60M","1.00%"
"04/18/2019","25.12","25.20","25.32","25.11","5.82M","-0.04%"
"04/17/2019","25.13","25.14","25.28","25.06","5.17M","0.28%"
"04/16/2019","25.06","25.50","25.60","25.05","13.11M","-1.88%"
"04/15/2019","25.54","25.50","25.74","25.30","13.35M","0.27%"
"04/12/2019","25.47","25.49","25.70","25.23","11.27M","0.67%"
"04/11/2019","25.30","25.68","25.83","25.25","13.19M","-1.52%"
"04/10/2019","25.69","26.20","26.20","25.55","16.89M","-1.72%"
"04/09/2019","26.14","26.09","26.27","26.01","10.69M","-0.15%"
"04/08/2019","26.18","26.50","26.58","26.08","22.63M","-2.02%"
"04/05/2019","26.72","26.82","26.99","26.68","3.98M","-0.26%"
"04/04/2019","26.79","26.97","27.04","26.59","3.88M","-0.74%"
"04/03/2019","26.99","26.81","27.15","26.74","4.87M","0.93%"
"04/02/2019","26.74","26.64","26.89","26.62","6.45M","0.34%"
"04/01/2019","26.65","26.50","26.70","26.27","5.99M","1.45%"
"03/29/2019","26.27","26.30","26.42","26.06","9.69M","0.57%"
"03/28/2019","26.12","26.26","26.26","25.90","4.01M","0.15%"
"03/27/2019","26.08","25.88","26.21","25.82","4.75M","0.93%"
"03/26/2019","25.84","25.38","25.87","25.35","7.80M","2.26%"
"03/25/2019","25.27","25.29","25.39","25.17","7.01M","-0.43%"
"03/22/2019","25.38","25.31","25.59","25.25","8.85M","-0.59%"
"03/21/2019","25.53","24.71","25.60","24.71","16.04M","2.99%"
"03/20/2019","24.79","25.15","25.17","24.74","15.35M","-1.31%"
"03/19/2019","25.12","25.44","25.44","24.99","19.28M","-0.95%"
"03/18/2019","25.36","25.79","25.87","25.16","7.80M","-1.05%"
"03/15/2019","25.63","25.50","25.97","25.46","8.45M","0.71%"
"03/14/2019","25.45","25.63","25.70","25.37","10.84M","-0.62%"
"03/13/2019","25.61","25.69","25.88","25.55","10.04M","0.20%"
"03/12/2019","25.56","25.64","25.69","25.43","10.66M","0.00%"
"03/11/2019","25.56","25.28","25.62","25.28","11.60M","1.27%"
"03/08/2019","25.24","25.04","25.36","24.96","3.94M","-0.28%"
"03/07/2019","25.31","25.31","25.48","25.14","7.95M","-0.32%"
"03/06/2019","25.39","25.44","25.59","25.24","3.38M","-0.39%"
"03/05/2019","25.49","25.41","25.58","25.33","10.48M","0.28%"
"03/04/2019","25.42","25.79","25.96","25.29","5.45M","-1.40%"
"03/01/2019","25.78","25.35","25.84","25.26","5.54M","2.55%"
"02/28/2019","25.14","25.20","25.38","24.90","8.01M","-0.63%"
"02/27/2019","25.30","25.02","25.33","25.02","4.14M","0.40%"
"02/26/2019","25.20","24.88","25.23","24.83","6.55M","0.96%"
"02/25/2019","24.96","25.36","25.44","24.96","8.48M","-1.23%"
"02/22/2019","25.27","25.23","25.45","25.20","5.49M","0.28%"
"02/21/2019","25.20","25.20","25.51","25.08","9.14M","-0.16%"
"02/20/2019","25.24","25.35","25.45","25.16","7.38M","-1.02%"
"02/19/2019","25.50","25.37","25.61","25.37","8.23M","-0.31%"
"02/15/2019","25.58","25.25","25.68","25.12","7.85M","2.20%"
"02/14/2019","25.03","24.97","25.20","24.87","9.10M","0.08%"
"02/13/2019","25.01","24.98","25.21","24.90","12.82M","-0.16%"
"02/12/2019","25.05","25.18","25.33","24.91","8.11M","0.00%"
"02/11/2019","25.05","25.42","25.71","25.04","20.65M","-1.80%"
"02/08/2019","25.51","24.77","25.51","24.74","11.24M","2.16%"
"02/07/2019","24.97","24.66","25.09","24.51","15.17M","-0.72%"
"02/06/2019","25.15","25.43","25.43","24.95","8.44M","-1.10%"
"02/05/2019","25.43","24.85","25.46","24.82","13.25M","1.60%"
"02/04/2019","25.03","24.57","25.04","24.51","7.86M","1.54%"
"02/01/2019","24.65","24.63","24.84","24.45","8.34M","0.00%"
"01/31/2019","24.65","24.90","25.11","24.44","15.48M","-1.75%"
"01/30/2019","25.09","24.91","25.14","24.80","18.68M","1.46%"
"01/29/2019","24.73","24.95","25.23","24.59","14.04M","-2.21%"
"01/28/2019","25.29","24.85","25.35","24.76","17.27M","0.72%"
"01/25/2019","25.11","24.43","25.14","24.29","21.65M","2.78%"
"01/24/2019","24.43","23.74","24.45","23.72","24.52M","2.99%"
"01/23/2019","23.72","23.19","23.77","23.16","23.40M","2.77%"
"01/22/2019","23.08","22.79","23.08","22.65","27.90M","0.57%"
"01/18/2019","22.95","22.00","22.96","21.95","50.46M","4.75%"
"01/17/2019","21.91","21.21","22.25","21.12","60.24M","3.15%"
"01/16/2019","21.24","20.76","21.31","20.16","189.55M","21.09%"
"01/15/2019","17.54","17.35","17.62","17.26","4.52M","1.74%"
"01/14/2019","17.24","17.09","17.43","16.88","5.48M","-0.23%"
"01/11/2019","17.28","17.43","17.46","17.05","6.89M","-1.54%"
"01/10/2019","17.55","17.45","17.70","17.21","8.78M","-1.13%"
"01/09/2019","17.75","17.62","17.95","17.35","4.77M","1.89%"
"01/08/2019","17.42","17.45","17.69","17.10","6.94M","1.16%"
"01/07/2019","17.22","16.91","17.22","16.75","10.48M","2.38%"
"01/04/2019","16.82","16.47","17.07","16.46","7.11M","3.76%"
"01/03/2019","16.21","16.43","16.80","15.91","11.37M","-4.87%"
"01/02/2019","17.04","16.50","17.15","16.34","8.64M","0.77%"
"12/31/2018","16.91","17.10","17.18","16.62","6.85M","-0.18%"
"12/28/2018","16.94","17.11","17.20","16.64","8.50M","-0.70%"
"12/27/2018","17.06","16.70","17.06","16.27","7.59M","0.65%"
"12/26/2018","16.95","15.72","16.99","15.71","10.60M","8.58%"
"12/24/2018","15.61","15.52","16.06","15.52","4.32M","-1.58%"
"12/21/2018","15.86","16.13","16.35","15.68","10.09M","-1.73%"
"12/20/2018","16.14","16.22","16.54","15.87","7.22M","-0.98%"
"12/19/2018","16.30","16.56","17.12","16.09","9.94M","-1.81%"
"12/18/2018","16.60","16.51","16.70","16.29","9.07M","1.10%"
"12/17/2018","16.42","16.66","16.94","16.24","10.81M","-2.49%"
"12/14/2018","16.84","17.06","17.12","16.71","6.64M","-2.43%"
"12/13/2018","17.26","17.72","17.95","17.01","9.73M","-2.21%"
"12/12/2018","17.65","17.77","18.17","17.62","9.46M","0.91%"
"12/11/2018","17.49","17.93","18.02","17.22","7.76M","-1.19%"
"12/10/2018","17.70","17.63","18.00","17.34","7.68M","-0.11%"
"12/07/2018","17.72","18.42","18.58","17.63","9.02M","-3.85%"
"12/06/2018","18.43","17.69","18.47","17.48","10.58M","1.82%"
"12/04/2018","18.10","19.03","19.13","18.02","14.10M","-6.12%"
"12/03/2018","19.28","19.54","19.78","18.98","18.27M","1.05%"
"11/30/2018","19.08","18.92","19.21","18.62","10.00M","0.58%"
"11/29/2018","18.97","19.00","19.27","18.89","11.19M","-0.73%"
"11/28/2018","19.11","18.17","19.15","18.13","15.28M","6.23%"
"11/27/2018","17.99","17.77","18.10","17.60","6.95M","0.56%"
"11/26/2018","17.89","17.72","17.98","17.59","7.45M","2.52%"
"11/23/2018","17.45","17.30","17.56","17.21","2.82M","-0.06%"
"11/21/2018","17.46","17.05","17.80","17.00","14.49M","4.05%"
"11/20/2018","16.78","16.15","17.24","15.98","12.79M","-0.83%"
"11/19/2018","16.92","17.70","17.89","16.87","14.31M","-5.05%"
"11/16/2018","17.82","18.11","18.29","17.61","9.78M","-2.46%"
"11/15/2018","18.27","18.06","18.30","17.72","11.87M","2.53%"
"11/14/2018","17.82","18.23","18.27","17.66","9.64M","-1.00%"
"11/13/2018","18.00","18.00","18.31","17.85","9.68M","0.39%"
"11/12/2018","17.93","18.44","18.64","17.77","11.11M","-3.86%"
"11/09/2018","18.65","18.90","19.00","18.42","4.39M","-2.46%"
"11/08/2018","19.12","19.45","19.53","19.10","6.30M","-2.45%"
"11/07/2018","19.60","18.98","19.66","18.95","12.85M","4.64%"
"11/06/2018","18.73","18.44","18.85","18.43","13.36M","1.79%"
"11/05/2018","18.40","18.60","18.85","18.18","13.37M","-1.87%"
"11/02/2018","18.75","19.00","19.32","18.44","11.00M","-1.06%"
"11/01/2018","18.95","18.85","19.05","18.57","14.65M","1.12%"
"10/31/2018","18.74","18.10","19.12","18.10","20.99M","5.04%"
"10/30/2018","17.84","17.93","18.22","17.48","26.48M","-0.94%"
"10/29/2018","18.01","19.33","19.78","17.75","49.49M","-16.62%"
"10/26/2018","21.60","21.73","21.80","21.20","27.83M","-2.44%"
"10/25/2018","22.14","21.75","22.31","21.63","9.09M","2.88%"
"10/24/2018","21.52","22.78","22.79","21.47","9.01M","-5.32%"
"10/23/2018","22.73","22.58","22.86","22.06","7.82M","-1.30%"
"10/22/2018","23.03","23.51","23.56","23.03","4.99M","-1.62%"
"10/19/2018","23.41","23.57","23.80","23.26","3.48M","-0.30%"
"10/18/2018","23.48","23.69","23.88","23.21","4.15M","-1.76%"
"10/17/2018","23.90","23.94","24.05","23.63","6.09M","0.59%"
"10/16/2018","23.76","23.29","23.77","23.23","5.96M","3.08%"
"10/15/2018","23.05","23.14","23.41","22.95","4.43M","-0.47%"
"10/12/2018","23.16","22.88","23.38","22.69","7.13M","3.62%"
"10/11/2018","22.35","22.38","22.75","22.15","8.01M","-0.80%"
"10/10/2018","22.53","23.78","23.90","22.53","11.99M","-5.30%"
"10/09/2018","23.79","23.64","23.98","23.57","4.66M","0.25%"
"10/08/2018","23.73","24.03","24.03","23.29","6.07M","-1.33%"
"10/05/2018","24.05","23.92","24.19","23.59","6.12M","0.50%"
"10/04/2018","23.93","24.31","24.31","23.73","7.55M","-2.17%"
"10/03/2018","24.46","24.16","24.65","23.98","8.89M","1.66%"
"10/02/2018","24.06","24.15","24.16","23.55","14.29M","-0.37%"
"10/01/2018","24.15","24.63","24.74","23.89","7.67M","-1.31%"
"09/28/2018","24.47","24.16","24.55","24.15","8.95M","1.20%"
"09/27/2018","24.18","24.49","24.60","24.12","7.77M","-1.35%"
"09/26/2018","24.51","25.20","25.22","24.46","10.28M","-2.82%"
"09/25/2018","25.22","25.54","25.75","25.22","14.86M","-1.52%"
"09/24/2018","25.61","25.42","25.69","25.20","10.43M","0.99%"
"09/21/2018","25.36","25.45","25.65","25.26","6.12M","-0.20%"
"09/20/2018","25.41","25.51","25.64","25.09","5.04M","-0.12%"
"09/19/2018","25.44","25.94","26.02","25.27","5.57M","-1.81%"
"09/18/2018","25.91","25.68","26.27","25.64","7.75M","0.54%"
"09/17/2018","25.77","26.27","26.62","25.73","6.12M","-1.79%"
"09/14/2018","26.24","25.71","26.25","25.62","8.47M","1.94%"
"09/13/2018","25.74","25.55","25.84","25.48","9.73M","1.38%"
"09/12/2018","25.39","25.47","25.50","25.27","3.46M","-0.04%"
"09/11/2018","25.40","25.07","25.52","24.89","5.85M","0.95%"
"09/10/2018","25.16","25.20","25.34","25.09","2.88M","0.00%"
"09/07/2018","25.16","25.32","25.41","25.07","4.65M","-0.87%"
"09/06/2018","25.38","25.96","26.00","25.29","13.64M","-1.89%"
"09/05/2018","25.87","25.77","26.00","25.57","4.49M","0.23%"
"09/04/2018","25.81","25.60","26.00","25.52","7.44M","0.35%"
"08/31/2018","25.72","25.06","25.73","25.06","12.20M","2.27%"
"08/30/2018","25.15","24.98","25.22","24.92","8.03M","0.72%"
"08/29/2018","24.97","25.31","25.42","24.95","12.21M","-1.23%"
"08/28/2018","25.28","25.26","25.36","25.07","6.41M","0.20%"
"08/27/2018","25.23","25.20","25.42","25.08","4.77M","0.48%"
"08/24/2018","25.11","24.87","25.14","24.75","12.41M","0.88%"
"08/23/2018","24.89","25.18","25.28","24.84","7.30M","-0.76%"
"08/22/2018","25.08","24.97","25.20","24.89","10.29M","0.00%"
"08/21/2018","25.08","25.18","25.57","25.02","9.69M","-0.40%"
"08/20/2018","25.18","24.91","25.38","24.82","11.43M","1.29%"
"08/17/2018","24.86","24.31","24.87","24.14","13.49M","2.90%"
"08/16/2018","24.16","24.11","24.33","23.87","15.87M","1.64%"
"08/15/2018","23.77","23.76","24.07","23.43","12.42M","-0.71%"
"08/14/2018","23.94","23.93","24.32","23.77","33.32M","0.17%"
"08/13/2018","23.90","23.88","24.38","23.80","15.57M","-3.12%"
"08/10/2018","24.67","24.60","24.83","24.53","6.07M","-0.12%"
"08/09/2018","24.70","24.49","24.82","24.48","7.55M","1.11%"
"08/08/2018","24.43","24.28","24.50","24.16","7.32M","0.87%"
"08/07/2018","24.22","24.20","24.30","24.07","3.71M","0.50%"
"08/06/2018","24.10","24.00","24.24","23.85","5.65M","0.67%"
"08/03/2018","23.94","24.00","24.02","23.79","3.85M","-0.21%"
"08/02/2018","23.99","23.06","24.00","23.06","8.54M","3.05%"
"08/01/2018","23.28","23.26","23.65","23.24","5.44M","0.09%"
"07/31/2018","23.26","23.41","23.98","23.16","5.79M","-0.34%"
"07/30/2018","23.34","24.03","24.25","22.88","15.76M","3.18%"
"07/27/2018","22.62","23.15","23.18","22.57","6.12M","-2.29%"
"07/26/2018","23.15","23.18","23.25","23.00","5.83M","-0.69%"
"07/25/2018","23.31","22.76","23.36","22.76","10.53M","2.55%"
"07/24/2018","22.73","23.00","23.00","22.49","4.10M","-0.79%"
"07/23/2018","22.91","22.69","22.97","22.54","4.26M","0.61%"
"07/20/2018","22.77","22.77","22.92","22.52","3.25M","0.75%"
"07/19/2018","22.60","22.84","22.84","22.59","3.13M","-0.62%"
"07/18/2018","22.74","22.61","22.84","22.59","4.66M","0.84%"
"07/17/2018","22.55","22.30","22.65","22.22","5.92M","1.35%"
"07/16/2018","22.25","22.24","22.49","22.12","5.47M","-0.27%"
"07/13/2018","22.31","22.43","22.45","22.12","3.87M","-0.62%"
"07/12/2018","22.45","22.44","22.53","22.34","4.09M","0.63%"
"07/11/2018","22.31","22.03","22.49","22.02","3.76M","0.63%"
"07/10/2018","22.17","22.08","22.34","22.02","7.73M","0.27%"
"07/09/2018","22.11","22.00","22.16","21.91","6.02M","1.14%"
"07/06/2018","21.86","21.49","21.94","21.49","4.15M","1.16%"
"07/05/2018","21.61","21.35","21.61","21.17","5.53M","1.55%"
"07/03/2018","21.28","21.25","21.47","21.10","2.97M","0.76%"
"07/02/2018","21.12","20.79","21.19","20.76","4.29M","0.91%"
"06/29/2018","20.93","20.98","21.11","20.70","6.72M","0.19%"
"06/28/2018","20.89","20.63","20.98","20.50","8.68M","0.58%"
"06/27/2018","20.77","21.25","21.34","20.76","7.13M","-1.56%"
"06/26/2018","21.10","21.35","21.47","20.96","10.70M","-1.17%"
"06/25/2018","21.35","21.50","21.51","21.15","9.18M","-1.70%"
"06/22/2018","21.72","21.98","22.00","21.61","9.27M","-0.37%"
"06/21/2018","21.80","21.92","22.02","21.72","7.72M","-0.68%"
"06/20/2018","21.95","22.00","22.06","21.89","5.40M","0.50%"
"06/19/2018","21.84","21.52","21.88","21.46","10.22M","0.78%"
"06/18/2018","21.67","21.41","21.88","21.38","8.20M","0.05%"
"06/15/2018","21.66","21.60","21.80","21.41","6.10M","0.23%"
"06/14/2018","21.61","21.51","21.84","21.48","8.27M","0.51%"
"06/13/2018","21.50","21.71","22.14","21.35","13.14M","2.14%"
"06/12/2018","21.05","20.40","21.39","19.99","18.12M","2.78%"
"06/11/2018","20.48","20.94","21.00","20.15","10.39M","2.14%"
"06/08/2018","20.05","19.99","20.58","19.99","12.54M","0.30%"
"06/07/2018","19.99","20.04","20.24","19.85","5.69M","-0.74%"
"06/06/2018","20.14","19.69","20.21","19.67","7.63M","2.18%"
"06/05/2018","19.71","19.45","19.91","19.42","6.75M","1.13%"
"06/04/2018","19.49","19.25","19.56","19.04","7.23M","2.31%"
"06/01/2018","19.05","19.01","19.12","18.82","8.54M","0.26%"
"05/31/2018","19.00","19.10","19.14","18.90","3.81M","-0.89%"
"05/30/2018","19.17","19.01","19.17","18.89","4.78M","0.79%"
"05/29/2018","19.02","19.18","19.28","18.86","6.05M","-1.35%"
"05/25/2018","19.28","19.50","19.55","19.25","4.36M","-1.18%"
"05/24/2018","19.51","19.53","19.61","19.27","4.02M","-0.26%"
"05/23/2018","19.56","19.24","19.59","19.23","3.58M","1.03%"
"05/22/2018","19.36","19.27","19.45","19.25","2.50M","0.47%"
"05/21/2018","19.27","19.30","19.44","19.16","3.70M","0.84%"
"05/18/2018","19.11","19.22","19.45","19.01","5.85M","-0.98%"
"05/17/2018","19.30","19.48","19.52","19.07","8.84M","-1.03%"
"05/16/2018","19.50","19.69","19.69","19.37","5.98M","-0.56%"
"05/15/2018","19.61","19.47","19.73","19.46","3.63M","-0.20%"
"05/14/2018","19.65","19.45","19.73","19.45","5.09M","1.24%"
"05/11/2018","19.41","19.70","19.72","19.33","8.32M","-1.47%"
"05/10/2018","19.70","19.61","19.85","19.41","4.32M","1.03%"
"05/09/2018","19.50","19.15","19.61","19.13","8.05M","1.83%"
"05/08/2018","19.15","19.19","19.23","18.94","7.63M","-0.21%"
"05/07/2018","19.19","19.04","19.29","18.94","7.60M","0.58%"
"05/04/2018","19.08","18.34","19.45","18.28","14.71M","3.98%"
"05/03/2018","18.35","18.04","18.44","18.04","7.90M","1.38%"
"05/02/2018","18.10","18.20","18.25","17.65","12.24M","-0.77%"
"05/01/2018","18.24","18.13","18.36","18.03","11.04M","0.77%"
"04/30/2018","18.10","17.06","18.23","16.91","32.47M","18.46%"
"04/27/2018","15.28","15.49","15.57","15.17","8.31M","-0.71%"
"04/26/2018","15.39","15.16","15.47","15.15","7.16M","2.67%"
"04/25/2018","14.99","15.02","15.10","14.73","4.61M","0.00%"
"04/24/2018","14.99","15.29","15.38","14.91","5.92M","-0.99%"
"04/23/2018","15.14","15.14","15.25","15.00","4.74M","0.13%"
"04/20/2018","15.12","15.23","15.39","15.00","3.37M","-0.66%"
"04/19/2018","15.22","15.17","15.30","15.00","5.11M","0.00%"
"04/18/2018","15.22","15.28","15.48","15.22","5.35M","-0.59%"
"04/17/2018","15.31","15.28","15.39","15.15","4.70M","0.66%"
"04/16/2018","15.21","15.20","15.33","15.14","4.55M","0.46%"
"04/13/2018","15.14","15.50","15.53","14.97","10.69M","-1.94%"
"04/12/2018","15.44","15.24","15.53","14.89","11.34M","1.91%"
"04/11/2018","15.15","15.30","15.48","15.15","4.18M","-1.62%"
"04/10/2018","15.40","15.58","15.70","15.27","9.94M","-1.35%"
"04/09/2018","15.61","15.59","15.96","15.48","3.92M","0.90%"
"04/06/2018","15.47","15.70","15.87","15.35","7.78M","-2.21%"
"04/05/2018","15.82","15.87","16.13","15.71","8.87M","0.13%"
"04/04/2018","15.80","15.40","15.86","15.25","7.93M","1.09%"
"04/03/2018","15.63","15.87","15.93","15.45","5.05M","-1.08%"
"04/02/2018","15.80","16.00","16.15","15.63","6.06M","-1.25%"
"03/29/2018","16.00","15.87","16.20","15.64","8.90M","1.07%"
"03/28/2018","15.83","15.85","16.02","15.76","8.04M","0.25%"
"03/27/2018","15.79","16.08","16.19","15.68","5.74M","-0.88%"
"03/26/2018","15.93","16.19","16.22","15.66","7.83M","-0.25%"
"03/23/2018","15.97","16.40","16.54","15.91","4.31M","-3.09%"
"03/22/2018","16.48","16.72","17.00","16.42","9.84M","-2.54%"
"03/21/2018","16.91","17.17","17.33","16.91","12.65M","-1.69%"
"03/20/2018","17.20","16.54","17.25","16.51","12.36M","4.24%"
"03/19/2018","16.50","16.58","16.62","16.18","8.27M","-0.90%"
"03/16/2018","16.65","16.52","16.70","16.38","9.49M","0.79%"
"03/15/2018","16.52","16.00","16.52","16.00","16.85M","3.31%"
"03/14/2018","15.99","15.69","16.20","15.62","11.51M","2.50%"
"03/13/2018","15.60","15.77","15.81","15.49","9.26M","-0.32%"
"03/12/2018","15.65","15.63","15.80","15.59","7.56M","0.19%"
"03/09/2018","15.62","15.32","15.65","15.15","6.88M","2.76%"
"03/08/2018","15.20","15.27","15.30","15.12","5.47M","0.33%"
"03/07/2018","15.15","15.26","15.35","15.13","5.17M","-1.37%"
"03/06/2018","15.36","15.66","15.74","15.36","5.46M","-1.60%"
"03/05/2018","15.61","15.43","15.70","15.24","9.58M","0.39%"
"03/02/2018","15.55","15.30","15.58","15.11","4.91M","0.97%"
"03/01/2018","15.40","15.57","15.77","15.14","6.05M","-1.41%"
"02/28/2018","15.62","15.58","15.88","15.48","7.92M","0.84%"
"02/27/2018","15.49","15.89","15.89","15.47","8.79M","-2.76%"
"02/26/2018","15.93","16.08","16.08","15.81","4.18M","-0.69%"
"02/23/2018","16.04","15.78","16.04","15.71","6.16M","2.36%"
"02/22/2018","15.67","15.49","16.10","15.49","14.24M","1.49%"
"02/21/2018","15.44","15.87","15.95","15.42","6.20M","-2.40%"
"02/20/2018","15.82","15.59","15.94","15.53","4.54M","1.02%"
"02/16/2018","15.66","15.72","15.93","15.62","5.56M","-1.14%"
"02/15/2018","15.84","15.96","15.96","15.62","9.01M","0.00%"
"02/14/2018","15.84","15.62","15.97","15.57","10.17M","2.19%"
"02/13/2018","15.50","16.15","16.27","15.42","15.27M","-5.02%"
"02/12/2018","16.32","16.07","16.75","16.00","24.96M","3.10%"
"02/09/2018","15.83","16.08","16.10","15.11","15.93M","-0.63%"
"02/08/2018","15.93","16.64","16.70","15.81","12.99M","-3.92%"
"02/07/2018","16.58","16.48","17.00","16.40","8.98M","0.61%"
"02/06/2018","16.48","16.05","16.73","15.91","6.80M","1.10%"
"02/05/2018","16.30","16.77","17.30","16.29","10.80M","-4.96%"
"02/02/2018","17.15","17.52","17.64","17.15","5.20M","-2.89%"
"02/01/2018","17.66","17.60","17.76","17.44","7.85M","-0.23%"
"01/31/2018","17.70","17.79","17.84","17.56","3.86M","-0.06%"
"01/30/2018","17.71","17.86","17.92","17.62","4.32M","-1.94%"
"01/29/2018","18.06","18.26","18.40","17.99","4.80M","-2.22%"
"01/26/2018","18.47","18.28","18.50","18.17","3.10M","1.32%"
"01/25/2018","18.23","18.25","18.38","18.07","4.45M","0.33%"
"01/24/2018","18.17","18.20","18.44","18.12","5.99M","0.11%"
"01/23/2018","18.15","18.25","18.38","17.85","5.67M","-0.38%"
"01/22/2018","18.22","17.73","18.23","17.67","7.17M","1.22%"
"01/19/2018","18.00","17.78","18.04","17.70","6.57M","2.51%"
"01/18/2018","17.56","18.00","18.05","17.56","10.39M","-0.23%"
"01/17/2018","17.60","17.63","17.75","17.31","3.32M","0.74%"
"01/16/2018","17.47","17.83","17.96","17.44","5.99M","-1.08%"
"01/12/2018","17.66","17.89","17.93","17.60","5.82M","-1.12%"
"01/11/2018","17.86","17.61","17.89","17.61","10.46M","1.36%"
"01/10/2018","17.62","17.27","17.70","17.15","8.92M","2.03%"
"01/09/2018","17.27","17.35","17.37","17.08","5.82M","0.17%"
"01/08/2018","17.24","17.23","17.32","17.08","4.25M","-0.92%"
"01/05/2018","17.40","16.69","17.44","16.66","8.20M","4.50%"
"01/04/2018","16.65","16.73","16.78","16.39","7.97M","0.18%"
"01/03/2018","16.62","16.65","16.85","16.48","6.04M","-0.18%"
"01/02/2018","16.65","16.81","16.88","16.65","3.14M","-0.36%"
"12/29/2017","16.71","16.73","16.84","16.55","4.78M","-0.06%"
"12/28/2017","16.72","16.87","16.92","16.57","3.30M","0.54%"
"12/27/2017","16.63","16.60","16.75","16.50","3.68M","0.48%"
"12/26/2017","16.55","16.53","16.58","16.40","3.79M","-0.42%"
"12/22/2017","16.62","16.33","16.76","16.33","5.09M","1.22%"
"12/21/2017","16.42","16.25","16.66","16.12","10.87M","1.55%"
"12/20/2017","16.17","16.51","16.58","16.15","3.83M","-1.40%"
"12/19/2017","16.40","16.31","16.59","16.29","11.79M","0.86%"
"12/18/2017","16.26","16.56","16.62","16.25","8.53M","-1.33%"
"12/15/2017","16.48","16.28","16.55","16.26","10.25M","1.35%"
"12/14/2017","16.26","16.54","16.63","16.25","5.76M","-1.87%"
"12/13/2017","16.57","16.75","17.06","16.54","8.96M","-0.96%"
"12/12/2017","16.73","16.36","16.77","16.30","5.66M","1.89%"
"12/11/2017","16.42","16.48","16.73","16.40","3.57M","-0.61%"
"12/08/2017","16.52","16.65","16.65","16.36","4.36M","0.12%"
"12/07/2017","16.50","16.28","16.72","16.27","5.85M","1.54%"
"12/06/2017","16.25","16.09","16.41","16.05","5.72M","0.00%"
"12/05/2017","16.25","15.84","16.41","15.81","7.88M","1.75%"
"12/04/2017","15.97","16.49","16.53","15.88","5.97M","-1.96%"
"12/01/2017","16.29","16.35","16.45","15.93","3.43M","-0.97%"
"11/30/2017","16.45","16.34","16.47","16.17","6.03M","1.73%"
"11/29/2017","16.17","16.73","16.84","16.17","9.01M","-2.71%"
"11/28/2017","16.62","16.81","16.94","16.62","4.34M","-0.78%"
"11/27/2017","16.75","16.73","16.89","16.66","3.13M","-0.30%"
"11/24/2017","16.80","16.72","16.80","16.67","892.98K","0.48%"
"11/22/2017","16.72","16.77","16.82","16.65","2.45M","-0.30%"
"11/21/2017","16.77","16.68","16.86","16.56","4.44M","0.90%"
"11/20/2017","16.62","17.12","17.12","16.56","5.92M","-0.66%"
"11/17/2017","16.73","16.64","16.73","16.61","3.52M","-0.24%"
"11/16/2017","16.77","16.96","17.03","16.75","4.03M","0.18%"
"11/15/2017","16.74","16.82","16.90","16.50","6.94M","-0.83%"
"11/14/2017","16.88","17.08","17.11","16.75","4.69M","-1.46%"
"11/13/2017","17.13","16.93","17.18","16.82","4.28M","0.35%"
"11/10/2017","17.07","16.84","17.12","16.83","4.47M","1.91%"
"11/09/2017","16.75","16.74","16.87","16.61","5.55M","-0.53%"
"11/08/2017","16.84","16.83","16.93","16.60","11.56M","0.00%"
"11/07/2017","16.84","17.40","17.44","16.82","6.84M","-3.11%"
"11/06/2017","17.38","17.12","17.42","17.12","6.69M","1.46%"
"11/03/2017","17.13","17.06","17.60","16.99","7.04M","0.41%"
"11/02/2017","17.06","17.37","17.44","17.05","5.40M","-1.61%"
"11/01/2017","17.34","17.87","17.90","17.20","9.96M","-2.64%"
"10/31/2017","17.81","17.76","17.86","17.40","9.97M","0.06%"
"10/30/2017","17.80","18.41","18.54","17.80","14.55M","-6.17%"
"10/27/2017","18.97","18.70","18.99","18.58","6.06M","1.83%"
"10/26/2017","18.63","18.83","18.87","18.59","5.45M","-0.80%"
"10/25/2017","18.78","18.93","19.09","18.56","4.79M","-0.63%"
"10/24/2017","18.90","19.00","19.09","18.89","4.93M","-0.05%"
"10/23/2017","18.91","19.12","19.23","18.89","5.07M","-0.89%"
"10/20/2017","19.08","18.62","19.10","18.57","9.95M","3.41%"
"10/19/2017","18.45","18.14","18.52","17.95","8.11M","1.15%"
"10/18/2017","18.24","18.19","18.32","18.08","8.24M","0.88%"
"10/17/2017","18.08","18.03","18.17","17.89","6.05M","0.39%"
"10/16/2017","18.01","17.75","18.01","17.63","6.86M","2.21%"
"10/13/2017","17.62","17.58","17.84","17.52","6.96M","0.46%"
"10/12/2017","17.54","17.80","17.90","17.54","7.80M","-1.63%"
"10/11/2017","17.83","17.90","17.95","17.68","7.46M","-0.94%"
"10/10/2017","18.00","18.00","18.05","17.85","5.12M","0.11%"
"10/09/2017","17.98","18.06","18.16","17.93","5.61M","-0.50%"
"10/06/2017","18.07","17.96","18.15","17.87","4.86M","0.72%"
"10/05/2017","17.94","17.77","18.01","17.66","5.89M","1.13%"
"10/04/2017","17.74","17.92","17.96","17.71","4.14M","-1.00%"
"10/03/2017","17.92","17.91","18.00","17.79","5.28M","-0.22%"
"10/02/2017","17.96","18.13","18.19","17.89","4.41M","-0.44%"
"09/29/2017","18.04","17.90","18.14","17.78","3.94M","0.89%"
"09/28/2017","17.88","17.56","17.92","17.55","5.67M","1.88%"
"09/27/2017","17.55","17.94","17.99","17.54","10.99M","-1.40%"
"09/26/2017","17.80","18.08","18.14","17.78","8.10M","-1.22%"
"09/25/2017","18.02","18.20","18.20","17.91","6.26M","-0.88%"
"09/22/2017","18.18","18.31","18.31","18.03","10.78M","-0.71%"
"09/21/2017","18.31","18.30","18.46","18.10","5.88M","-0.11%"
"09/20/2017","18.33","18.20","18.38","18.13","5.68M","0.44%"
"09/19/2017","18.25","18.15","18.29","18.00","7.06M","0.55%"
"09/18/2017","18.15","18.00","18.19","17.75","17.36M","1.06%"
"09/15/2017","17.96","17.87","18.21","17.60","20.37M","0.84%"
"09/14/2017","17.81","17.88","18.12","17.75","56.39M","-3.26%"
"09/13/2017","18.41","18.96","18.96","18.32","6.22M","0.16%"
"09/12/2017","18.38","18.34","18.47","17.93","7.66M","-2.49%"
"09/11/2017","18.85","18.68","18.97","18.62","3.28M","1.95%"
"09/08/2017","18.49","18.46","18.56","18.35","2.02M","0.16%"
"09/07/2017","18.46","18.24","18.60","18.11","4.20M","1.37%"
"09/06/2017","18.21","18.16","18.29","17.92","3.18M","0.72%"
"09/05/2017","18.08","18.48","18.56","18.01","2.93M","-2.48%"
"09/01/2017","18.54","18.47","18.55","18.37","1.57M","0.71%"
"08/31/2017","18.41","18.40","18.50","18.35","1.46M","0.38%"
"08/30/2017","18.34","18.17","18.34","18.11","1.21M","0.94%"
"08/29/2017","18.17","18.22","18.31","18.12","1.38M","-0.76%"
"08/28/2017","18.31","18.19","18.33","18.11","1.42M","0.83%"
"08/25/2017","18.16","18.29","18.33","18.07","2.12M","0.00%"
"08/24/2017","18.16","18.18","18.27","18.05","1.17M","0.11%"
"08/23/2017","18.14","18.00","18.25","17.78","2.27M","1.00%"
"08/22/2017","17.96","17.74","18.00","17.69","2.12M","1.53%"
"08/21/2017","17.69","17.75","17.79","17.57","3.02M","-0.67%"
"08/18/2017","17.81","17.65","17.95","17.57","3.50M","1.37%"
"08/17/2017","17.57","17.99","18.01","17.54","1.85M","-2.55%"
"08/16/2017","18.03","17.92","18.18","17.85","2.36M","0.78%"
"08/15/2017","17.89","17.73","17.91","17.61","2.06M","1.25%"
"08/14/2017","17.67","17.67","17.86","17.65","5.29M","1.14%"
"08/11/2017","17.47","17.45","17.73","17.38","4.89M","-0.29%"
"08/10/2017","17.52","17.89","17.96","17.49","4.73M","-2.40%"
"08/09/2017","17.95","17.95","18.11","17.79","2.81M","-0.55%"
"08/08/2017","18.05","18.33","18.44","17.99","3.15M","-0.72%"
"08/07/2017","18.18","18.44","18.55","17.91","8.85M","-2.15%"
"08/04/2017","18.58","18.31","18.60","18.25","3.09M","1.75%"
"08/03/2017","18.26","18.30","18.36","18.13","2.33M","-0.27%"
"08/02/2017","18.31","18.69","18.74","18.12","3.14M","-1.88%"
"08/01/2017","18.66","18.77","18.91","18.61","3.19M","0.00%"
"07/31/2017","18.66","18.62","18.82","18.55","3.08M","0.86%"
"07/28/2017","18.50","18.70","18.73","18.50","2.27M","-1.49%"
"07/27/2017","18.78","19.10","19.18","18.62","3.70M","-1.37%"
"07/26/2017","19.04","19.04","19.15","18.82","3.68M","0.00%"
"07/25/2017","19.04","18.95","19.20","18.91","2.61M","1.33%"
"07/24/2017","18.79","18.59","18.99","18.48","5.05M","1.18%"
"07/21/2017","18.57","18.52","18.70","18.49","2.53M","0.16%"
"07/20/2017","18.54","18.71","18.80","18.53","3.71M","-0.86%"
"07/19/2017","18.70","18.48","18.83","18.41","2.70M","1.36%"
"07/18/2017","18.45","18.50","18.56","18.30","1.86M","-0.32%"
"07/17/2017","18.51","18.50","18.62","17.95","5.65M","0.54%"
"07/14/2017","18.41","18.55","18.66","18.39","1.24M","-0.75%"
"07/13/2017","18.55","18.64","18.71","18.43","1.80M","0.05%"
"07/12/2017","18.54","18.40","18.62","18.36","1.99M","1.31%"
"07/11/2017","18.30","18.26","18.35","18.18","1.60M","0.11%"
"07/10/2017","18.28","18.25","18.30","17.98","2.55M","0.22%"
"07/07/2017","18.24","18.03","18.30","17.99","3.30M","1.73%"
"07/06/2017","17.93","18.26","18.35","17.92","1.77M","-2.55%"
"07/05/2017","18.40","18.12","18.53","18.12","2.24M","1.83%"
"07/03/2017","18.07","18.26","18.33","17.97","1.25M","-0.71%"
"06/30/2017","18.20","18.54","18.57","18.20","3.14M","-1.19%"
"06/29/2017","18.42","18.55","18.72","18.25","3.79M","-0.54%"
"06/28/2017","18.52","18.07","18.55","17.83","4.76M","-0.05%"
"06/27/2017","18.53","18.76","18.86","18.48","3.39M","-0.96%"
"06/26/2017","18.71","18.65","18.90","18.54","2.90M","0.32%"
"06/23/2017","18.65","18.60","18.89","18.46","6.87M","0.43%"
"06/22/2017","18.57","18.36","18.77","18.28","2.98M","1.36%"
"06/21/2017","18.32","18.39","18.44","18.22","2.11M","0.22%"
"06/20/2017","18.28","18.41","18.54","18.28","3.12M","-0.87%"
"06/19/2017","18.44","18.24","18.44","18.14","3.14M","1.77%"
"06/16/2017","18.12","18.38","18.41","17.94","5.90M","-1.36%"
"06/15/2017","18.37","17.99","18.53","17.69","6.11M","1.44%"
"06/14/2017","18.11","18.70","18.71","18.09","4.91M","-2.95%"
"06/13/2017","18.66","18.46","18.68","18.41","3.41M","2.25%"
"06/12/2017","18.25","18.56","18.70","18.16","6.83M","-1.99%"
"06/09/2017","18.62","18.46","19.01","18.25","6.61M","1.03%"
"06/08/2017","18.43","18.31","18.54","18.30","3.09M","0.66%"
"06/07/2017","18.31","18.24","18.39","18.17","2.69M","0.38%"
"06/06/2017","18.24","18.18","18.40","18.08","5.14M","0.22%"
"06/05/2017","18.20","17.93","18.25","17.85","5.19M","1.22%"
"06/02/2017","17.98","17.76","18.00","17.57","5.04M","1.07%"
"06/01/2017","17.79","17.25","17.95","17.17","12.20M","3.85%"
"05/31/2017","17.13","16.90","17.13","16.70","7.13M","1.84%"
"05/30/2017","16.82","16.57","16.88","16.57","4.74M","1.08%"
"05/26/2017","16.64","16.68","16.73","16.57","2.40M","-0.18%"
"05/25/2017","16.67","16.83","16.98","16.67","4.07M","-0.60%"
"05/24/2017","16.77","16.60","16.89","16.57","4.61M","0.96%"
"05/23/2017","16.61","16.67","16.80","16.53","3.09M","-0.42%"
"05/22/2017","16.68","16.41","16.74","16.41","3.34M","2.08%"
"05/19/2017","16.34","16.31","16.48","16.28","2.11M","1.11%"
"05/18/2017","16.16","16.24","16.40","16.11","2.30M","-0.49%"
"05/17/2017","16.24","16.17","16.34","16.17","3.67M","-1.64%"
"05/16/2017","16.51","16.37","16.61","16.30","2.59M","0.55%"
"05/15/2017","16.42","16.22","16.48","16.22","3.16M","1.17%"
"05/12/2017","16.23","16.36","16.39","16.14","1.82M","-0.98%"
"05/11/2017","16.39","16.52","16.66","16.33","2.82M","-1.03%"
"05/10/2017","16.56","16.42","16.66","16.41","3.66M","0.49%"
"05/09/2017","16.48","16.70","16.90","16.44","4.55M","-0.78%"
"05/08/2017","16.61","16.47","17.02","16.40","10.90M","3.81%"
"05/05/2017","16.00","15.78","16.01","15.72","3.54M","1.52%"
"05/04/2017","15.76","15.83","16.00","15.76","2.56M","-0.32%"
"05/03/2017","15.81","15.72","15.81","15.46","1.98M","-0.19%"
"05/02/2017","15.84","15.77","15.87","15.67","1.04M","0.13%"
"05/01/2017","15.82","15.67","15.85","15.56","1.02M","1.28%"
"04/28/2017","15.62","15.66","15.68","15.35","3.41M","-0.06%"
"04/27/2017","15.63","15.59","15.71","15.40","2.07M","0.51%"
"04/26/2017","15.55","15.71","15.79","15.48","2.37M","-1.27%"
"04/25/2017","15.75","15.75","15.86","15.56","1.88M","0.70%"
"04/24/2017","15.64","15.71","15.71","15.50","2.42M","1.16%"
"04/21/2017","15.46","15.59","15.61","15.22","2.35M","-0.96%"
"04/20/2017","15.61","15.46","15.62","15.29","1.87M","1.36%"
"04/19/2017","15.40","15.29","15.57","15.28","3.59M","1.12%"
"04/18/2017","15.23","14.86","15.32","14.81","5.57M","1.87%"
"04/17/2017","14.95","14.89","15.00","14.74","2.94M","0.95%"
"04/13/2017","14.81","14.94","15.04","14.79","5.29M","-1.00%"
"04/12/2017","14.96","14.88","15.01","14.81","2.80M","-0.33%"
"04/11/2017","15.01","15.04","15.13","14.91","3.34M","-0.66%"
"04/10/2017","15.11","14.95","15.21","14.72","4.16M","0.73%"
"04/07/2017","15.00","14.83","15.01","14.67","2.60M","0.94%"
"04/06/2017","14.86","14.85","14.93","14.76","3.71M","0.13%"
"04/05/2017","14.84","15.00","15.20","14.82","3.45M","-1.59%"
"04/04/2017","15.08","15.20","15.27","15.00","2.23M","-0.92%"
"04/03/2017","15.22","15.53","15.61","15.17","2.14M","-1.81%"
"03/31/2017","15.50","15.69","15.69","15.49","2.74M","-1.34%"
"03/30/2017","15.71","15.60","15.73","15.50","2.27M","0.38%"
"03/29/2017","15.65","15.64","15.79","15.55","2.13M","-0.06%"
"03/28/2017","15.66","14.93","15.71","14.90","5.48M","4.47%"
"03/27/2017","14.99","14.89","15.06","14.85","4.81M","-0.93%"
"03/24/2017","15.13","15.08","15.22","14.99","2.38M","0.67%"
"03/23/2017","15.03","15.03","15.26","14.88","2.84M","0.27%"
"03/22/2017","14.99","15.19","15.24","14.90","5.90M","-1.32%"
"03/21/2017","15.19","15.60","15.69","15.17","5.10M","-2.50%"
"03/20/2017","15.58","15.90","15.90","15.43","5.09M","-2.20%"
"03/17/2017","15.93","16.15","16.15","15.80","4.18M","-1.36%"
"03/16/2017","16.15","15.99","16.35","15.92","4.84M","1.51%"
"03/15/2017","15.91","15.94","15.96","15.76","3.42M","0.82%"
"03/14/2017","15.78","15.94","15.94","15.75","2.85M","-1.93%"
"03/13/2017","16.09","16.02","16.18","15.95","1.63M","0.12%"
"03/10/2017","16.07","16.00","16.07","15.89","3.21M","1.32%"
"03/09/2017","15.86","15.87","15.93","15.74","2.33M","0.00%"
"03/08/2017","15.86","15.90","16.01","15.79","2.04M","0.32%"
"03/07/2017","15.81","15.78","15.94","15.73","2.92M","-0.82%"
"03/06/2017","15.94","16.07","16.09","15.88","3.95M","-0.81%"
"03/03/2017","16.07","15.93","16.14","15.92","2.60M","0.69%"
"03/02/2017","15.96","16.20","16.23","15.84","3.33M","-2.03%"
"03/01/2017","16.29","16.21","16.36","16.15","2.98M","1.18%"
"02/28/2017","16.10","16.22","16.22","16.01","3.50M","-0.98%"
"02/27/2017","16.26","16.24","16.36","16.14","2.39M","-0.06%"
"02/24/2017","16.27","16.12","16.33","16.12","1.95M","-0.31%"
"02/23/2017","16.32","16.50","16.52","16.23","3.47M","-1.09%"
"02/22/2017","16.50","16.59","16.67","16.47","2.78M","-0.78%"
"02/21/2017","16.63","16.42","16.64","16.33","3.20M","1.59%"
"02/17/2017","16.37","16.03","16.37","16.03","2.17M","1.17%"
"02/16/2017","16.18","16.10","16.30","16.09","3.22M","-0.12%"
"02/15/2017","16.20","16.20","16.45","16.01","3.48M","-0.31%"
"02/14/2017","16.25","16.12","16.44","16.12","4.80M","0.68%"
"02/13/2017","16.14","16.07","16.63","15.76","10.86M","2.02%"
"02/10/2017","15.82","15.55","15.82","15.45","4.82M","1.87%"
"02/09/2017","15.53","15.22","15.69","15.20","4.57M","2.51%"
"02/08/2017","15.15","15.45","15.45","15.02","6.61M","-2.26%"
"02/07/2017","15.50","15.53","15.61","15.43","2.50M","-0.26%"
"02/06/2017","15.54","15.64","15.68","15.41","2.16M","-0.64%"
"02/03/2017","15.64","15.30","15.75","15.26","2.99M","2.56%"
"02/02/2017","15.25","15.20","15.31","15.16","1.61M","0.00%"
"02/01/2017","15.25","15.49","15.50","15.12","1.75M","-0.59%"
"01/31/2017","15.34","15.33","15.46","15.26","1.71M","-0.71%"
"01/30/2017","15.45","15.35","15.46","15.08","1.46M","-0.13%"
"01/27/2017","15.47","15.57","15.71","15.43","2.26M","-1.34%"
"01/26/2017","15.68","15.89","15.95","15.42","2.14M","-1.51%"
"01/25/2017","15.92","16.00","16.11","15.57","5.68M","0.57%"
"01/24/2017","15.83","15.52","15.94","15.51","2.74M","2.73%"
"01/23/2017","15.41","15.82","15.82","15.36","3.44M","-2.41%"
"01/20/2017","15.79","15.63","15.88","15.55","2.23M","1.15%"
"01/19/2017","15.61","15.40","15.62","15.30","1.57M","1.30%"
"01/18/2017","15.41","15.19","15.41","15.06","1.51M","1.92%"
"01/17/2017","15.12","15.40","15.42","15.10","2.44M","-2.01%"
"01/13/2017","15.43","15.47","15.60","15.40","1.78M","0.46%"
"01/12/2017","15.36","15.37","15.50","15.21","1.71M","-0.39%"
"01/11/2017","15.42","15.50","15.65","15.32","2.13M","-0.58%"
"01/10/2017","15.51","15.42","15.55","15.31","1.90M","0.39%"
"01/09/2017","15.45","15.39","15.92","15.39","6.72M","-0.06%"
"01/06/2017","15.46","15.03","15.52","15.03","5.71M","2.86%"
"01/05/2017","15.03","14.91","15.54","14.89","7.79M","-1.31%"
"01/04/2017","15.23","14.65","15.26","14.61","4.10M","2.35%"
"01/03/2017","14.88","14.75","14.88","14.45","2.95M","4.86%"
"12/30/2016","14.19","14.33","14.36","14.02","1.71M","-0.63%"
"12/29/2016","14.28","14.70","14.72","14.26","2.67M","-2.99%"
"12/28/2016","14.72","14.88","14.88","14.66","2.20M","-0.41%"
"12/27/2016","14.78","14.45","14.92","14.43","1.32M","0.68%"
"12/23/2016","14.68","14.55","14.79","14.49","1.39M","1.10%"
"12/22/2016","14.52","14.52","14.62","14.38","1.71M","-1.16%"
"12/21/2016","14.69","14.85","14.87","14.69","2.01M","-0.88%"
"12/20/2016","14.82","14.80","14.86","14.70","3.26M","1.09%"
"12/19/2016","14.66","14.40","14.67","14.30","3.12M","1.73%"
"12/16/2016","14.41","14.06","14.42","13.99","5.99M","1.12%"
"12/15/2016","14.25","14.31","14.45","14.20","1.94M","0.28%"
"12/14/2016","14.21","14.64","14.70","14.18","2.77M","-2.80%"
"12/13/2016","14.62","14.48","14.73","14.46","3.15M","1.53%"
"12/12/2016","14.40","14.61","14.77","14.35","2.84M","-1.50%"
"12/09/2016","14.62","14.71","14.80","14.37","4.37M","0.34%"
"12/08/2016","14.57","14.31","14.68","14.31","4.90M","1.82%"
"12/07/2016","14.31","13.99","14.40","13.96","4.25M","2.07%"
"12/06/2016","14.02","14.19","14.24","13.96","6.31M","-1.20%"
"12/05/2016","14.19","14.49","14.57","14.17","2.89M","-1.46%"
"12/02/2016","14.40","14.15","14.44","14.15","4.16M","1.19%"
"12/01/2016","14.23","14.62","14.68","14.17","4.48M","-2.33%"
"11/30/2016","14.57","14.95","15.04","14.51","25.19M","-1.89%"
"11/29/2016","14.85","14.97","15.22","14.79","2.83M","-1.39%"
"11/28/2016","15.06","15.42","15.48","15.05","3.38M","-3.03%"
"11/25/2016","15.53","15.50","15.60","15.28","1.34M","0.78%"
"11/23/2016","15.41","15.00","15.42","15.00","3.06M","2.80%"
"11/22/2016","14.99","15.30","15.36","14.95","5.39M","-1.51%"
"11/21/2016","15.22","15.53","15.71","15.16","6.76M","-1.68%"
"11/18/2016","15.48","15.48","15.59","15.36","6.06M","0.52%"
"11/17/2016","15.40","15.30","15.58","15.20","5.11M","1.65%"
"11/16/2016","15.15","14.50","15.34","14.46","10.63M","3.98%"
"11/15/2016","14.57","14.70","15.02","14.39","6.31M","0.34%"
"11/14/2016","14.52","14.74","14.88","14.35","4.74M","-0.55%"
"11/11/2016","14.60","14.11","14.64","14.11","4.77M","3.25%"
"11/10/2016","14.14","14.30","14.61","14.06","6.47M","-0.07%"
"11/09/2016","14.15","13.81","14.40","13.75","6.70M","-0.56%"
"11/08/2016","14.23","14.46","14.59","14.12","12.92M","-1.59%"
"11/07/2016","14.46","14.07","15.08","13.74","21.00M","9.30%"
"11/04/2016","13.23","13.67","13.77","13.01","7.42M","-3.43%"
"11/03/2016","13.70","13.88","13.90","13.67","3.77M","-0.51%"
"11/02/2016","13.77","13.79","13.89","13.66","2.86M","-0.15%"
"11/01/2016","13.79","13.99","14.09","13.66","2.71M","-1.43%"
"10/31/2016","13.99","14.03","14.24","13.97","3.30M","-0.14%"
"10/28/2016","14.01","13.91","14.22","13.83","4.20M","1.45%"
"10/27/2016","13.81","14.02","14.07","13.75","3.62M","-1.07%"
"10/26/2016","13.96","13.74","14.13","13.64","4.02M","0.65%"
"10/25/2016","13.87","14.12","14.26","13.85","4.09M","-2.32%"
"10/24/2016","14.20","13.96","14.36","13.96","4.06M","2.16%"
"10/21/2016","13.90","13.67","14.03","13.51","3.32M","1.46%"
"10/20/2016","13.70","13.80","13.95","13.47","3.28M","-0.80%"
"10/19/2016","13.81","13.79","14.06","13.60","3.47M","0.58%"
"10/18/2016","13.73","13.46","13.85","13.42","3.50M","3.39%"
"10/17/2016","13.28","13.22","13.40","13.22","2.06M","0.00%"
"10/14/2016","13.28","13.27","13.59","13.25","2.25M","0.30%"
"10/13/2016","13.24","13.22","13.35","13.07","2.14M","-0.75%"
"10/12/2016","13.34","13.20","13.52","13.16","5.08M","1.29%"
"10/11/2016","13.17","13.32","13.35","13.06","4.43M","-1.57%"
"10/10/2016","13.38","13.40","13.76","13.31","4.28M","0.60%"
"10/07/2016","13.30","13.27","13.37","13.15","5.27M","0.30%"
"10/06/2016","13.26","13.25","13.38","13.15","5.65M","0.08%"
"10/05/2016","13.25","13.07","13.41","13.07","3.87M","1.69%"
"10/04/2016","13.03","13.26","13.31","12.93","2.69M","-1.96%"
"10/03/2016","13.29","13.05","13.41","13.04","3.06M","0.99%"
"09/30/2016","13.16","13.15","13.20","12.74","5.45M","0.23%"
"09/29/2016","13.13","13.29","13.61","13.12","3.50M","-1.28%"
"09/28/2016","13.30","13.24","13.35","13.06","2.61M","0.53%"
"09/27/2016","13.23","12.99","13.34","12.94","11.89M","1.38%"
"09/26/2016","13.05","13.04","13.11","12.96","4.89M","-0.76%"
"09/23/2016","13.15","13.23","13.29","13.07","3.35M","-1.05%"
"09/22/2016","13.29","13.40","13.46","13.13","4.04M","-0.08%"
"09/21/2016","13.30","13.56","13.57","13.01","8.08M","-1.19%"
"09/20/2016","13.46","13.56","13.64","13.42","2.02M","0.07%"
"09/19/2016","13.45","13.85","13.93","13.41","4.73M","-2.32%"
"09/16/2016","13.77","13.84","13.94","13.54","4.66M","-1.01%"
"09/15/2016","13.91","13.92","14.02","13.82","2.55M","-0.07%"
"09/14/2016","13.92","13.83","14.01","13.70","3.21M","1.09%"
"09/13/2016","13.77","13.80","13.87","13.58","2.61M","-1.29%"
"09/12/2016","13.95","13.45","14.00","13.45","2.92M","1.68%"
"09/09/2016","13.72","14.19","14.27","13.58","6.03M","-4.46%"
"09/08/2016","14.36","14.35","14.46","14.28","2.62M","-0.83%"
"09/07/2016","14.48","14.16","14.57","14.07","6.83M","2.70%"
"09/06/2016","14.10","14.40","14.50","14.09","3.90M","-2.02%"
"09/02/2016","14.39","14.01","14.44","14.00","4.52M","3.30%"
"09/01/2016","13.93","13.93","14.08","13.82","2.35M","0.07%"
"08/31/2016","13.92","13.60","14.00","13.56","5.98M","3.49%"
"08/30/2016","13.45","13.40","13.63","13.27","5.18M","2.13%"
"08/29/2016","13.17","13.21","13.50","13.17","2.05M","-0.38%"
"08/26/2016","13.22","13.23","13.33","13.09","1.87M","0.23%"
"08/25/2016","13.19","13.16","13.26","13.11","1.04M","0.23%"
"08/24/2016","13.16","13.45","13.48","13.12","1.28M","-1.86%"
"08/23/2016","13.41","13.39","13.50","13.22","1.29M","0.37%"
"08/22/2016","13.36","13.14","13.37","13.10","2.10M","1.21%"
"08/19/2016","13.20","13.29","13.29","13.12","1.71M","-0.98%"
"08/18/2016","13.33","13.12","13.41","13.12","3.20M","1.21%"
"08/17/2016","13.17","13.28","13.31","13.08","1.43M","-0.90%"
"08/16/2016","13.29","13.16","13.38","13.09","4.38M","0.23%"
"08/15/2016","13.26","13.19","13.36","13.11","3.39M","0.91%"
"08/12/2016","13.14","13.24","13.24","13.09","3.35M","-0.83%"
"08/11/2016","13.25","13.33","13.41","13.13","2.84M","-0.30%"
"08/10/2016","13.29","13.11","13.30","12.96","2.66M","1.37%"
"08/09/2016","13.11","13.12","13.25","13.04","3.44M","0.08%"
"08/08/2016","13.10","13.12","13.23","12.95","2.80M","-0.46%"
"08/05/2016","13.16","12.99","13.21","12.90","3.70M","2.09%"
"08/04/2016","12.89","13.11","13.18","12.78","3.90M","-1.45%"
"08/03/2016","13.08","13.11","13.20","12.71","4.77M","0.00%"
"08/02/2016","13.08","12.90","13.14","12.77","4.34M","0.46%"
"08/01/2016","13.02","12.75","13.38","12.65","10.76M","5.00%"
"07/29/2016","12.40","12.18","12.53","11.91","4.27M","1.81%"
"07/28/2016","12.18","12.17","12.23","11.98","1.84M","-0.16%"
"07/27/2016","12.20","12.47","12.47","11.92","2.62M","-1.85%"
"07/26/2016","12.43","12.28","12.47","12.22","1.74M","1.22%"
"07/25/2016","12.28","12.27","12.40","12.27","2.06M","0.08%"
"07/22/2016","12.27","12.34","12.45","12.23","1.91M","-0.73%"
"07/21/2016","12.36","12.39","12.49","12.18","2.41M","-0.40%"
"07/20/2016","12.41","12.08","12.48","11.94","2.78M","3.42%"
"07/19/2016","12.00","12.02","12.16","11.99","3.10M","0.08%"
"07/18/2016","11.99","11.42","12.01","11.29","4.14M","5.45%"
"07/15/2016","11.37","11.59","11.59","11.33","2.03M","-1.81%"
"07/14/2016","11.58","11.46","11.63","11.39","3.64M","2.30%"
"07/13/2016","11.32","11.58","11.60","11.26","4.09M","-1.99%"
"07/12/2016","11.55","11.09","11.58","11.06","3.59M","4.90%"
"07/11/2016","11.01","11.16","11.25","11.00","3.64M","-0.90%"
"07/08/2016","11.11","10.82","11.12","10.80","4.31M","4.03%"
"07/07/2016","10.68","10.65","10.84","10.57","2.57M","0.19%"
"07/06/2016","10.66","10.53","10.70","10.40","3.95M","-0.84%"
"07/05/2016","10.75","10.93","11.00","10.69","4.25M","-2.54%"
"07/01/2016","11.03","11.05","11.19","10.94","3.47M","-0.36%"
"06/30/2016","11.07","11.15","11.22","10.89","4.99M","-0.63%"
"06/29/2016","11.14","10.69","11.15","10.63","8.53M","5.49%"
"06/28/2016","10.56","10.50","10.71","10.37","7.67M","4.24%"
"06/27/2016","10.13","10.81","10.83","9.90","8.48M","-7.91%"
"06/24/2016","11.00","11.28","11.34","10.78","21.73M","-7.02%"
"06/23/2016","11.83","12.36","12.40","11.73","34.90M","-3.11%"
"06/22/2016","12.21","12.25","12.33","12.13","8.59M","-0.81%"
"06/21/2016","12.31","12.39","12.56","12.22","7.07M","-0.65%"
"06/20/2016","12.39","12.04","12.42","12.04","6.66M","4.03%"
"06/17/2016","11.91","11.76","12.01","11.74","11.28M","1.10%"
"06/16/2016","11.78","11.62","11.81","11.35","4.70M","0.60%"
"06/15/2016","11.71","11.63","11.92","11.54","4.80M","0.77%"
"06/14/2016","11.62","11.73","11.84","11.45","5.19M","-0.94%"
"06/13/2016","11.73","12.21","12.33","11.73","8.66M","-5.02%"
"06/10/2016","12.35","12.74","12.74","12.21","7.13M","-3.97%"
"06/09/2016","12.86","13.04","13.04","12.78","7.60M","-1.61%"
"06/08/2016","13.07","12.97","13.09","12.81","6.81M","0.62%"
"06/07/2016","12.99","12.71","13.00","12.68","8.25M","2.61%"
"06/06/2016","12.66","12.30","12.66","12.26","3.78M","2.76%"
"06/03/2016","12.32","12.46","12.55","12.18","3.61M","-2.92%"
"06/02/2016","12.69","12.42","12.74","12.27","3.77M","0.32%"
"06/01/2016","12.65","12.43","12.66","12.27","3.08M","0.96%"
"05/31/2016","12.53","12.62","12.72","12.41","3.63M","0.24%"
"05/27/2016","12.50","12.54","12.76","12.34","3.54M","0.56%"
"05/26/2016","12.43","12.63","12.70","12.33","3.76M","1.39%"
"05/25/2016","12.26","12.49","12.78","12.12","6.53M","-0.65%"
"05/24/2016","12.34","12.00","12.48","11.84","6.80M","3.52%"
"05/23/2016","11.92","11.98","12.17","11.56","12.34M","4.47%"
"05/20/2016","11.41","11.11","11.54","11.11","7.44M","4.20%"
"05/19/2016","10.95","10.64","11.01","10.62","5.43M","2.34%"
"05/18/2016","10.70","10.61","10.71","10.44","7.35M","0.75%"
"05/17/2016","10.62","10.69","10.88","10.55","3.16M","-0.47%"
"05/16/2016","10.67","10.96","11.09","10.56","5.32M","-2.56%"
"05/13/2016","10.95","10.93","11.20","10.86","1.96M","-0.27%"
"05/12/2016","10.98","11.10","11.38","10.93","3.42M","-0.72%"
"05/11/2016","11.06","11.07","11.39","10.99","3.99M","-0.63%"
"05/10/2016","11.13","10.96","11.36","10.89","4.44M","1.64%"
"05/09/2016","10.95","10.74","11.04","10.50","6.34M","1.96%"
"05/06/2016","10.74","11.00","11.16","10.65","3.77M","-2.89%"
"05/05/2016","11.06","11.22","11.39","10.91","4.16M","-0.98%"
"05/04/2016","11.17","10.93","11.25","10.36","10.67M","1.45%"
"05/03/2016","11.01","11.54","11.74","10.94","7.76M","-5.82%"
"05/02/2016","11.69","11.43","11.72","11.29","8.41M","2.63%"
"04/29/2016","11.39","11.87","12.00","11.24","23.10M","-4.21%"
"04/28/2016","11.89","12.32","12.58","11.88","6.69M","-3.80%"
"04/27/2016","12.36","13.00","13.27","12.31","5.55M","-3.44%"
"04/26/2016","12.80","13.10","13.43","12.78","6.52M","-4.05%"
"04/25/2016","13.34","12.94","14.25","12.83","11.87M","2.62%"
"04/22/2016","13.00","13.03","13.35","12.94","4.17M","-0.69%"
"04/21/2016","13.09","13.27","13.56","12.96","3.00M","-1.50%"
"04/20/2016","13.29","13.21","13.86","13.02","4.77M","0.23%"
"04/19/2016","13.26","13.24","13.36","12.88","2.79M","0.38%"
"04/18/2016","13.21","12.74","13.46","12.73","1.82M","1.54%"
"04/15/2016","13.01","12.89","13.28","12.81","1.38M","-1.36%"
"04/14/2016","13.19","12.65","13.52","12.57","6.08M","2.41%"
"04/13/2016","12.88","12.17","12.90","12.09","6.39M","6.36%"
"04/12/2016","12.11","11.88","12.43","11.79","10.09M","-0.16%"
"04/11/2016","12.13","12.50","12.58","12.06","3.51M","-2.18%"
"04/08/2016","12.40","12.37","12.90","12.17","3.25M","-0.40%"
"04/07/2016","12.45","12.46","12.75","12.37","2.62M","-1.89%"
"04/06/2016","12.69","12.45","12.77","12.20","2.17M","0.55%"
"04/05/2016","12.62","12.55","12.79","12.42","1.69M","-0.32%"
"04/04/2016","12.66","12.46","13.13","12.32","3.04M","0.08%"
"04/01/2016","12.65","12.83","12.99","12.55","3.16M","-2.24%"
"03/31/2016","12.94","12.40","13.04","12.00","2.48M","3.85%"
"03/30/2016","12.46","12.71","13.05","12.18","2.86M","-1.74%"
"03/29/2016","12.68","12.02","12.73","11.85","2.12M","5.23%"
"03/28/2016","12.05","12.37","12.37","11.65","2.52M","0.33%"
"03/24/2016","12.01","11.50","12.02","11.25","2.23M","3.36%"
"03/23/2016","11.62","12.19","12.26","11.55","1.56M","-4.44%"
"03/22/2016","12.16","12.30","12.31","12.11","1.10M","-1.38%"
"03/21/2016","12.33","12.15","12.38","12.05","1.44M","0.98%"
"03/18/2016","12.21","12.47","12.68","12.14","1.98M","-2.32%"
"03/17/2016","12.50","12.98","13.08","12.41","5.04M","-3.62%"
"03/16/2016","12.97","12.58","13.18","12.54","3.59M","3.18%"
"03/15/2016","12.57","12.96","13.04","12.37","2.49M","-3.60%"
"03/14/2016","13.04","13.03","13.32","12.98","1.86M","-1.36%"
"03/11/2016","13.22","13.54","13.76","12.91","2.73M","-0.08%"
"03/10/2016","13.23","13.98","14.01","13.21","2.39M","-5.30%"
"03/09/2016","13.97","12.96","14.00","12.96","4.31M","5.28%"
"03/08/2016","13.27","13.21","13.56","12.85","2.34M","-0.52%"
"03/07/2016","13.34","13.36","13.36","12.88","3.42M","-1.84%"
"03/04/2016","13.59","12.79","13.74","12.71","4.15M","6.25%"
"03/03/2016","12.79","12.76","12.89","12.55","2.97M","0.39%"
"03/02/2016","12.74","12.95","13.10","12.51","3.40M","-1.01%"
"03/01/2016","12.87","12.60","13.54","12.49","5.04M","2.96%"
"02/29/2016","12.50","12.87","13.16","12.43","3.25M","-3.25%"
"02/26/2016","12.92","12.41","12.99","12.34","4.34M","4.62%"
"02/25/2016","12.35","12.41","12.74","12.15","2.39M","-1.36%"
"02/24/2016","12.52","12.09","12.88","11.72","3.39M","1.54%"
"02/23/2016","12.33","12.29","12.61","12.12","5.69M","0.16%"
"02/22/2016","12.31","12.03","12.59","11.96","4.39M","3.79%"
"02/19/2016","11.86","11.53","11.90","11.04","3.96M","4.04%"
"02/18/2016","11.40","10.92","11.80","10.89","6.31M","6.84%"
"02/17/2016","10.67","10.29","11.21","10.21","4.89M","4.40%"
"02/16/2016","10.22","9.79","10.42","9.62","3.92M","8.26%"
"02/12/2016","9.44","8.82","9.80","8.82","7.92M","8.88%"
"02/11/2016","8.67","9.45","9.45","8.37","14.98M","-7.27%"
"02/10/2016","9.35","11.02","11.10","8.76","21.65M","-15.77%"
"02/09/2016","11.10","11.02","11.61","11.00","6.86M","0.18%"
"02/08/2016","11.08","12.74","12.76","10.50","7.69M","-14.11%"
"02/05/2016","12.90","12.96","13.18","12.68","1.84M","-0.77%"
"02/04/2016","13.00","12.87","13.57","12.87","2.29M","0.54%"
"02/03/2016","12.93","12.93","13.13","12.61","2.38M","0.94%"
"02/02/2016","12.81","13.30","13.39","12.61","3.56M","-4.12%"
"02/01/2016","13.36","13.26","13.83","13.00","3.17M","-0.07%"
"01/29/2016","13.37","13.13","13.40","12.50","9.41M","2.30%"
"01/28/2016","13.07","13.48","13.76","13.05","3.51M","-1.80%"
"01/27/2016","13.31","13.95","14.11","13.01","2.53M","-5.00%"
"01/26/2016","14.01","13.81","14.15","13.78","2.91M","1.16%"
"01/25/2016","13.85","14.34","14.57","13.77","2.59M","-3.15%"
"01/22/2016","14.30","14.16","14.64","13.99","4.21M","2.95%"
"01/21/2016","13.89","14.34","14.42","13.73","2.62M","-3.07%"
"01/20/2016","14.33","14.26","14.67","13.30","2.44M","-1.31%"
"01/19/2016","14.52","14.31","14.75","14.21","3.62M","2.11%"
"01/15/2016","14.22","13.91","14.56","13.60","5.22M","-0.28%"
"01/14/2016","14.26","13.78","14.35","13.18","4.34M","4.01%"
"01/13/2016","13.71","13.83","14.38","13.69","4.95M","-0.15%"
"01/12/2016","13.73","13.99","14.10","13.29","4.13M","-0.72%"
"01/11/2016","13.83","14.24","14.73","13.45","4.31M","-2.12%"
"01/08/2016","14.13","14.64","14.75","14.01","3.88M","-3.09%"
"01/07/2016","14.58","15.23","15.23","14.44","4.09M","-5.75%"
"01/06/2016","15.47","15.81","15.96","15.43","2.35M","-3.01%"
"01/05/2016","15.95","15.58","16.04","15.55","2.09M","2.18%"
"01/04/2016","15.61","15.75","15.79","15.52","1.61M","-2.56%"
"12/31/2015","16.02","16.34","16.41","16.02","2.51M","-2.20%"
"12/30/2015","16.38","16.39","16.56","16.23","1.18M","-0.24%"
"12/29/2015","16.42","16.49","16.72","16.12","1.25M","-0.06%"
"12/28/2015","16.43","16.48","16.60","16.20","1.08M","-0.67%"
"12/24/2015","16.54","16.44","16.69","16.24","734.13K","0.30%"
"12/23/2015","16.49","16.41","16.82","16.10","1.84M","0.55%"
"12/22/2015","16.40","15.60","16.45","15.60","3.51M","5.13%"
"12/21/2015","15.60","15.74","15.83","15.44","2.98M","0.52%"
"12/18/2015","15.52","15.58","16.02","15.34","21.80M","-0.19%"
"12/17/2015","15.55","15.96","16.08","15.51","4.62M","-1.95%"
"12/16/2015","15.86","16.11","16.14","15.70","3.69M","-0.88%"
"12/15/2015","16.00","16.08","16.29","15.96","3.30M","-0.12%"
"12/14/2015","16.02","15.93","16.09","15.62","4.11M","0.75%"
"12/11/2015","15.90","16.47","16.90","15.78","4.71M","-4.10%"
"12/10/2015","16.58","16.50","16.98","16.28","1.98M","-0.84%"
"12/09/2015","16.72","17.14","17.32","16.69","1.90M","-3.07%"
"12/08/2015","17.25","17.16","17.35","16.90","2.53M","0.00%"
"12/07/2015","17.25","17.11","17.45","17.08","1.68M","-0.06%"
"12/04/2015","17.26","17.02","17.29","16.96","1.47M","1.65%"
"12/03/2015","16.98","17.04","17.09","16.66","1.55M","-0.12%"
"12/02/2015","17.00","17.26","17.26","16.88","2.17M","-1.73%"
"12/01/2015","17.30","16.93","17.33","16.82","1.32M","2.98%"
"11/30/2015","16.80","16.60","16.86","16.51","1.13M","1.20%"
"11/27/2015","16.60","16.50","16.70","16.36","284.94K","0.79%"
"11/25/2015","16.47","16.78","16.95","16.30","860.92K","-1.32%"
"11/24/2015","16.69","16.50","16.78","16.34","2.21M","1.21%"
"11/23/2015","16.49","16.33","16.68","16.25","2.51M","0.79%"
"11/20/2015","16.36","16.20","16.62","16.11","1.87M","0.99%"
"11/19/2015","16.20","16.79","16.85","16.05","2.32M","-4.03%"
"11/18/2015","16.88","16.87","17.08","16.69","2.52M","0.36%"
"11/17/2015","16.82","16.84","17.00","16.72","2.07M","0.06%"
"11/16/2015","16.81","16.91","17.00","16.42","1.94M","-0.94%"
"11/13/2015","16.97","17.27","17.56","16.90","2.67M","-3.96%"
"11/12/2015","17.67","17.55","17.83","17.35","3.55M","-0.23%"
"11/11/2015","17.71","17.90","17.99","17.51","2.07M","-0.51%"
"11/10/2015","17.80","17.49","17.92","17.41","6.40M","1.95%"
"11/09/2015","17.46","17.60","17.64","16.74","4.34M","2.22%"
"11/06/2015","17.08","16.23","17.30","16.21","8.00M","4.72%"
"11/05/2015","16.31","16.10","16.63","16.01","5.83M","1.05%"
"11/04/2015","16.14","16.25","16.26","16.00","989.76K","0.00%"
"11/03/2015","16.14","15.93","16.25","15.62","1.23M","1.00%"
"11/02/2015","15.98","15.84","16.08","15.55","1.00M","0.88%"
"10/30/2015","15.84","15.89","16.19","15.77","2.61M","0.83%"
"10/29/2015","15.71","15.44","15.90","15.42","1.90M","1.29%"
"10/28/2015","15.51","15.38","15.94","15.20","3.89M","0.39%"
"10/27/2015","15.45","16.40","16.47","15.15","6.65M","-5.56%"
"10/26/2015","16.36","16.10","16.70","15.82","6.01M","0.62%"
"10/23/2015","16.26","16.15","16.47","16.01","7.59M","1.56%"
"10/22/2015","16.01","15.49","16.01","15.22","6.23M","4.23%"
"10/21/2015","15.36","15.37","15.51","14.99","15.94M","-0.26%"
"10/20/2015","15.40","15.88","15.95","15.36","5.05M","-2.59%"
"10/19/2015","15.81","16.15","16.15","15.76","3.44M","-1.19%"
"10/16/2015","16.00","15.80","16.06","15.43","11.19M","1.59%"